"","HSC_rep1","HSC_rep2","CMP_rep1","CMP_rep2","CFUE_rep1","CFUE_rep2","Erythroblast_rep1","Erythroblast_rep2"
"HSC_rep1",1,0.971283210653475,0.945039730394352,0.948990841740021,0.752265936595206,0.751387450918283,0.773144422763693,0.755056670702354
"HSC_rep2",0.971283210653475,1,0.951552758743054,0.955383024614276,0.75965749065456,0.753031418627387,0.770563391648569,0.74665193112724
"CMP_rep1",0.945039730394352,0.951552758743054,1,0.98233564537362,0.785274887024285,0.784137672760966,0.787550546334111,0.769566836853572
"CMP_rep2",0.948990841740021,0.955383024614276,0.98233564537362,1,0.791539878862364,0.791988421879533,0.793894650484066,0.776781350128443
"CFUE_rep1",0.752265936595206,0.75965749065456,0.785274887024285,0.791539878862364,1,0.948003934649789,0.908338070649836,0.900469594025628
"CFUE_rep2",0.751387450918283,0.753031418627387,0.784137672760966,0.791988421879533,0.948003934649789,1,0.914427014376994,0.924078942010397
"Erythroblast_rep1",0.773144422763693,0.770563391648569,0.787550546334111,0.793894650484066,0.908338070649836,0.914427014376994,1,0.954486609852575
"Erythroblast_rep2",0.755056670702354,0.74665193112724,0.769566836853572,0.776781350128443,0.900469594025628,0.924078942010397,0.954486609852575,1
