"","CMP_rep1","CMP_rep2","Erythroblast_rep1","Erythroblast_rep2"
"CMP_rep1",1,0.950342781153195,0.656058453686568,0.642395213999918
"CMP_rep2",0.950342781153195,1,0.674529758415114,0.660488861769894
"Erythroblast_rep1",0.656058453686568,0.674529758415114,1,0.883251535548518
"Erythroblast_rep2",0.642395213999918,0.660488861769894,0.883251535548518,1
